{"Anantapur": 0.0, "Chittoor": 27.74676650782845, "East Godavari": 100.0, "Guntur": 0.02722940776038088, "Y.S.R. Kadapa": 30.306330837304284, "Krishna": 11.613342409802588, "Kurnool": 78.57045609257997, "Prakasam": 3.866575901974132, "S.P.S.-Nellore": 22.845473110959837, "Srikakulam": 9.81620149761743, "Visakhapatnam": 13.24710687542546, "Vizianagaram": 68.07351940095303, "West Godavari": 11.068754254594962}