{"Araria": 4.9409237379162185, "Arwal": 3.508771929824561, "Aurangabad": 3.1507339778016474, "Banka": 8.557107053347655, "Begusarai": 8.628714643752238, "Bhagalpur": 0.0, "Bhojpur": 8.055853920515576, "Buxar": 5.692803437164339, "Darbhanga": 3.6519871106337267, "East Champaran": 30.325814536340857, "Gaya": 5.012531328320803, "Gopalganj": 3.3297529538131045, "Jamui": 3.8310060866451847, "Jehanabad": 1.2531328320802007, "Kaimur": 3.6877909058360183, "Katihar": 72.18045112781954, "Khagaria": 2.828499820981024, "Kishanganj": 1.1815252416756177, "Lakhisarai": 0.0, "Madhepura": 3.1149301825993554, "Madhubani": 6.623702112423917, "Munger": 2.2914428929466526, "Muzaffarpur": 14.106695309702829, "Nalanda": 0.7876834944504119, "Nawada": 0.5728607232366631, "Patna": 100.0, "Purnia": 3.508771929824561, "Rohtas": 2.2198353025420694, "Saharsa": 7.0533476548514145, "Samastipur": 12.60293591120659, "Saran": 12.101682778374508, "Sheikhpura": 4.761904761904763, "Sheohar": 2.1482277121374866, "Sitamarhi": 7.662012173290369, "Siwan": 5.2631578947368425, "Supaul": 12.065878983172217, "Vaishali": 11.349803079126387, "West Champaran": 5.513784461152882}