{"Balod": 1.6528925619834707, "Baloda Bazar": 12.396694214876032, "Balrampur": 0.0, "Bastar": 44.0771349862259, "Bijapur": 0.0, "Bilaspur": 0.0, "Dakshin Bastar Dantewada": 0.0, "Dhamtari": 2.2038567493112944, "Durg": 48.76033057851239, "Gariaband": 1.9283746556473826, "Janjgir-Champa": 15.151515151515149, "Jashpur": 0.0, "Uttar Bastar Kanker": 1.6528925619834707, "Kondagaon": 4.407713498622589, "Korba": 0.0, "Koriya": 0.0, "Mahasamund": 34.9862258953168, "Mungeli": 0.0, "Narayanpur": 0.8264462809917353, "Raigarh": 8.539944903581267, "Raipur": 100.0, "Rajnandgaon": 0.0, "Sukma": 0.0, "Surajpur": 2.7548209366391188, "Surguja": 0.0}