{"Ahmedabad": 31.70289855072464, "Amreli": 1.6304347826086956, "Anand": 0.0, "Aravalli": 0.0, "Banaskantha": 6.521739130434782, "Bharuch": 0.0, "Bhavnagar": 6.159420289855073, "Botad": 0.0, "Chhota Udaipur": 0.0, "Dahod": 27.717391304347828, "Dang": 0.0, "Devbhumi Dwarka": 1.0869565217391304, "Gandhinagar": 8.333333333333332, "Gir Somnath": 11.231884057971014, "Jamnagar": 36.77536231884058, "Junagadh": 1.8115942028985508, "Kheda": 1.8115942028985508, "Kutch": 12.318840579710146, "Mahisagar": 12.681159420289854, "Mehsana": 1.6304347826086956, "Morbi": 0.0, "Narmada": 0.0, "Navsari": 6.159420289855073, "Panchmahal": 0.0, "Patan": 0.0, "Porbandar": 11.956521739130435, "Rajkot": 100.0, "Sabarkantha": 0.7246376811594203, "Surat": 37.5, "Surendranagar": 9.239130434782608, "Tapi": 0.0, "Vadodara": 33.8768115942029, "Valsad": 13.405797101449277}