{"Ambala": 12.10191082802548, "Bhiwani": 0.0, "Charkhi Dadri": 0.0, "Faridabad": 0.0, "Fatehabad": 72.61146496815287, "Gurugram": 0.0, "Hisar": 0.0, "Jhajjar": 0.0, "Jind": 16.560509554140125, "Kaithal": 22.29299363057325, "Karnal": 3.821656050955414, "Kurukshetra": 10.191082802547772, "Mahendragarh": 0.0, "Nuh": 5.095541401273886, "Palwal": 7.006369426751593, "Panchkula": 8.917197452229301, "Panipat": 0.0, "Rewari": 2.547770700636943, "Rohtak": 0.0, "Sirsa": 100.0, "Sonipat": 15.286624203821656}