{"Bilaspur": 0.0, "Chamba": 0.0, "Hamirpur": 7.59493670886076, "Kangra": 0.0, "Kinnaur": 0.0, "Kullu": 0.0, "Lahaul and Spiti": 0.0, "Mandi": 100.0, "Shimla": 8.860759493670885, "Sirmaur": 20.253164556962027, "Solan": 46.835443037974684, "Una": 0.0}