{"Anantnag": 0.1445086705202312, "Bandipora": 4.190751445086704, "Baramulla": 4.913294797687861, "Doda": 0.0, "Ganderbal": 50.0, "Jammu": 2.0231213872832368, "Kathua": 0.0, "Kishtwar": 0.0, "Kulgam": 0.0, "Kupwara": 9.68208092485549, "Punch": 0.4335260115606936, "Pulwama": 7.803468208092484, "Rajouri": 0.0, "Ramban": 0.0, "Reasi": 10.54913294797688, "Samba": 0.0, "Shopiyan": 5.780346820809249, "Srinagar": 100.0, "Udhampur": 35.26011560693642}