{"Bokaro": 7.6709796672828094, "Chatra": 0.7393715341959335, "Deoghar": 0.0, "Dhanbad": 46.21072088724584, "Dumka": 5.6377079482439925, "East Singhbhum": 22.92051756007394, "Garhwa": 11.182994454713494, "Giridih": 0.0, "Godda": 76.15526802218115, "Gumla": 0.8317929759704251, "Hazaribagh": 2.4029574861367835, "Jamtara": 0.0, "Khunti": 100.0, "Koderma": 0.0, "Latehar": 11.275415896487985, "Lohardaga": 1.2939001848428837, "Pakur": 22.643253234750464, "Palamu": 4.066543438077634, "Ramgarh": 7.486136783733826, "Ranchi": 18.66913123844732, "Sahibganj": 0.0, "Saraikela Kharsawan": 9.611829944547134, "Simdega": 5.175600739371535, "West Singhbhum": 25.13863216266174}