{"Bagalkote": 25.281339963360377, "Ballari": 100.0, "Belagavi": 67.46924888772573, "Bengaluru Rural": 14.996074326092646, "Bengaluru Urban": 0.0, "Bidar": 6.98769955509029, "Chamarajanagara": 2.721800575765507, "Chikkaballapura": 13.896885632033499, "Chikkamagaluru": 7.799005495943471, "Chitradurga": 0.0, "Dakshina Kannada": 13.530489400680452, "Davanagere": 0.0, "Dharwad": 0.0, "Gadag": 0.9683328971473436, "Hassan": 15.283957079298613, "Haveri": 9.290761580738028, "Kodagu": 0.0, "Kolar": 4.344412457471866, "Koppal": 36.06385762889296, "Mandya": 8.688824914943732, "Mysuru": 33.5775974875687, "Raichur": 0.7066213033237372, "Ramanagara": 6.385762889295996, "Shivamogga": 0.0, "Tumakuru": 4.213556660560062, "Udupi": 18.39832504579953, "Uttara Kannada": 0.0, "Vijayapura": 3.4284218790892442, "Yadgir": 5.70531274535462}