{"Alappuzha": 61.16152450090744, "Ernakulam": 100.0, "Idukki": 0.0, "Kannur": 18.33030852994555, "Kasaragod": 98.36660617059891, "Kollam": 1.8148820326678763, "Kottayam": 12.885662431941924, "Kozhikode": 19.056261343012704, "Malappuram": 55.35390199637023, "Palakkad": 32.667876588021784, "Pathanamthitta": 0.0, "Thrissur": 42.10526315789474, "Thiruvananthapuram": 49.90925589836661, "Wayanad": 16.69691470054446}