{"Alirajpur": 4.612850082372323, "Anuppur": 0.0, "Ashoknagar": 0.0, "Balaghat": 1.6474464579901154, "Barwani": 23.393739703459637, "Betul": 1.482701812191104, "Bhind": 0.0, "Bhopal": 0.0, "Burhanpur": 1.9769357495881386, "Chhatarpur": 0.0, "Chhindwara": 4.7775947281713345, "Damoh": 0.0, "Datia": 2.3064250411861615, "Dhar": 2.1416803953871497, "Dindori": 0.0, "Guna": 1.3179571663920924, "Gwalior": 12.850082372322898, "Harda": 0.9884678747940693, "Hoshangabad": 0.0, "Indore": 100.0, "Jabalpur": 0.0, "Jhabua": 0.6589785831960462, "Katni": 0.0, "Khandwa": 1.3179571663920924, "Khargone": 1.3179571663920924, "Mandla": 4.448105436573312, "Mandsaur": 0.0, "Morena": 0.0, "Narsinghpur": 2.3064250411861615, "Neemuch": 13.344316309719934, "Panna": 0.6589785831960462, "Raisen": 9.555189456342669, "Rajgarh": 1.9769357495881386, "Ratlam": 2.6359143327841847, "Rewa": 8.072487644151565, "Sagar": 0.0, "Satna": 3.6243822075782535, "Sehore": 0.0, "Seoni": 0.8237232289950577, "Shahdol": 2.800658978583196, "Shajapur": 0.0, "Sheopur": 0.0, "Shivpuri": 5.7660626029654045, "Sidhi": 1.3179571663920924, "Singrauli": 0.0, "Tikamgarh": 0.0, "Ujjain": 0.0, "Umaria": 0.0, "Vidisha": 5.436573311367381}