{"Ahmednagar": 19.609261939218527, "Akola": 0.0, "Amravati": 1.3748191027496381, "Aurangabad": 1.3314037626628077, "Beed": 4.703328509406656, "Bhandara": 0.0, "Buldhana": 1.5340086830680173, "Chandrapur": 1.186685962373372, "Dhule": 2.3589001447178, "Gadchiroli": 0.7380607814761216, "Gondia": 1.4471780028943562, "Hingoli": 0.3328509406657019, "Jalgaon": 15.658465991316934, "Jalna": 0.08683068017366136, "Kolhapur": 34.500723589001446, "Latur": 12.547033285094066, "Mumbai": 29.507959479015923, "Mumbai Suburban": 0.0, "Nanded": 14.790159189580319, "Nandurbar": 0.43415340086830684, "Nagpur": 59.4356005788712, "Nashik": 22.416787264833577, "Osmanabad": 5.151953690303908, "Palghar": 9.739507959479015, "Parbhani": 0.0, "Pune": 100.0, "Raigad": 3.2127351664254706, "Ratnagiri": 0.0, "Sangli": 16.70043415340087, "Satara": 6.845151953690304, "Sindhudurg": 0.0, "Solapur": 8.509406657018815, "Thane": 36.38205499276411, "Wardha": 0.5209840810419682, "Washim": 0.0, "Yavatmal": 2.4167872648335744}