{"Angul": 7.635009310986965, "Boudh": 0.5586592178770949, "Bhadrak": 9.031657355679702, "Balangir": 0.0, "Bargarh": 0.27932960893854747, "Balasore": 4.655493482309126, "Cuttack": 34.82309124767225, "Deogarh": 0.0, "Dhenkanal": 2.60707635009311, "Ganjam": 55.3072625698324, "Gajapati": 39.3854748603352, "Jharsuguda": 0.0, "Jajpur": 10.521415270018624, "Jagatsinghpur": 0.4655493482309125, "Khordha": 73.64990689013035, "Kendujhar": 17.690875232774676, "Kalahandi": 7.4487895716946, "Kandhamal": 0.0, "Koraput": 10.893854748603355, "Kendrapara": 0.37243947858473003, "Malkangiri": 19.646182495344508, "Mayurbhanj": 0.0, "Nabarangapur": 1.7690875232774677, "Nuapada": 0.0, "Nayagarh": 0.0, "Puri": 0.7448789571694601, "Rayagada": 18.901303538175046, "Sambalpur": 100.0, "Subarnapur": 0.7448789571694601, "Sundargarh": 0.0}