{"Amritsar": 0.0, "Barnala": 20.082530949105916, "Bathinda": 48.830811554332875, "Faridkot": 0.9628610729023385, "Fatehgarh Sahib": 7.702888583218708, "Fazilka": 3.4387895460797804, "Gurdaspur": 0.0, "Hoshiarpur": 1.513067400275103, "Jalandhar": 100.0, "Kapurthala": 0.0, "Ludhiana": 30.123796423658877, "Mansa": 0.0, "Moga": 0.0, "Sri Muktsar Sahib": 1.2379642365887207, "Pathankot": 5.089408528198074, "Patiala": 15.130674002751029, "Rupnagar": 5.226960110041266, "S.A.S. Nagar": 25.859697386519947, "Sangrur": 0.0, "Shahid Bhagat Singh Nagar": 0.0, "Tarn Taran": 1.1004126547455295}