{"Ajmer": 0.15479876160990713, "Alwar": 53.560371517027875, "Bikaner": 3.7151702786377707, "Barmer": 47.523219814241486, "Banswara": 4.334365325077401, "Bharatpur": 0.0, "Baran": 0.0, "Bundi": 0.0, "Bhilwara": 7.894736842105263, "Churu": 0.0, "Chittorgarh": 8.04953560371517, "Dausa": 0.0, "Dholpur": 1.0835913312693501, "Dungarpur": 0.0, "Ganganagar": 0.0, "Hanumangarh": 0.0, "Jhunjhunu": 2.631578947368421, "Jalore": 0.0, "Jodhpur": 0.0, "Jaipur": 0.0, "Jaisalmer": 0.30959752321981426, "Jhalawar": 29.876160990712076, "Karauli": 0.0, "Kota": 100.0, "Nagaur": 0.0, "Pali": 13.46749226006192, "Pratapgarh": 0.0, "Rajsamand": 2.1671826625387003, "Sikar": 6.191950464396285, "Sawai Madhopur": 0.0, "Sirohi": 0.0, "Tonk": 0.6191950464396285, "Udaipur": 21.98142414860681}