{"Ariyalur": 19.97226074895978, "Chengalpattu": 0.0, "Chennai": 6.657420249653259, "Coimbatore": 0.0, "Cuddalore": 100.0, "Dharmapuri": 0.0, "Dindigul": 0.0, "Erode": 9.015256588072122, "Kallakurichi": 6.796116504854369, "Kancheepuram": 27.323162274618586, "Kanyakumari": 3.0513176144244105, "Karur": 0.9708737864077669, "Krishnagiri": 42.163661581137305, "Madurai": 0.0, "Nagapattinam": 26.907073509015255, "Nilgiris": 0.0, "Namakkal": 25.65880721220527, "Perambalur": 0.4160887656033287, "Pudukkottai": 0.0, "Ramanathapuram": 5.131761442441054, "Ranipet": 0.0, "Salem": 8.599167822468793, "Sivaganga": 14.424410540915398, "Tenkasi": 70.31900138696255, "Tiruppur": 4.854368932038835, "Tiruchirappalli": 12.482662968099861, "Theni": 42.85714285714286, "Tirunelveli": 41.608876560332874, "Thanjavur": 0.0, "Thoothukkudi": 0.0, "Tirupathur": 10.540915395284326, "Thiruvallur": 44.10540915395285, "Thiruvarur": 0.0, "Tiruvannamalai": 0.0, "Vellore": 16.50485436893204, "Viluppuram": 2.219140083217753, "Virudhunagar": 69.90291262135922}