{"Andhra Pradesh": 88.05317040951122, "Arunachal Pradesh": 0.037153236459709374, "Assam": 22.023612945838835, "Bihar": 36.22027741083223, "Chhattisgarh": 1.506770145310436, "Goa": 0.7471928665785996, "Gujarat": 2.3323976221928664, "Haryana": 1.4820013210039629, "Himachal Pradesh": 0.0, "Jharkhand": 8.986955085865258, "Karnataka": 33.66908850726552, "Kerala": 7.166446499339497, "Madhya Pradesh": 1.4696169088507265, "Maharashtra": 100.0, "Manipur": 0.8462681638044913, "Meghalaya": 0.44996697490092463, "Mizoram": 0.0, "Nagaland": 11.29458388375165, "Odisha": 8.334709379128137, "Punjab": 0.11558784676354028, "Rajasthan": 6.34494715984148, "Sikkim": 0.4540951122853369, "Tamil Nadu": 0.0, "Telangana": 8.623678996036988, "Tripura": 0.0, "Uttar Pradesh": 36.253302509907535, "Uttarakhand": 0.0, "West Bengal": 20.302179656538968, "Andaman and Nicobar Islands": 0.0, "Chandigarh": 1.081571994715984, "Dadra and Nagar Haveli and Daman and Diu": 0.22704755614266844, "Jammu and Kashmir": 4.049702774108322, "Ladakh": 0.11971598414795244, "Lakshadweep": 0.0, "Delhi": 2.022787318361955, "Puducherry": 1.4365918097754293}