{"Agra": 0.0, "Aligarh": 4.562104562104563, "Prayagraj": 27.57242757242758, "Ambedkar Nagar": 0.0333000333000333, "Amethi": 0.0, "Amroha": 0.0, "Auraiya": 1.4985014985014986, "Azamgarh": 16.35031635031635, "Baghpat": 0.23310023310023315, "Bahraich": 9.990009990009991, "Ballia": 0.0, "Balrampur": 1.2654012654012654, "Banda": 0.5994005994005994, "Barabanki": 0.16650016650016652, "Bareilly": 4.9950049950049955, "Basti": 4.695304695304696, "Bhadohi": 6.593406593406594, "Bijnor": 0.0, "Budaun": 0.0, "Bulandshahr": 0.0, "Chandauli": 0.0, "Chitrakoot": 0.0, "Deoria": 15.584415584415586, "Etah": 1.9314019314019313, "Etawah": 4.961704961704962, "Ayodhya": 2.331002331002331, "Farrukhabad": 3.296703296703297, "Fatehpur": 3.5631035631035632, "Firozabad": 0.0, "Gautam Buddha Nagar": 0.0, "Ghaziabad": 0.5328005328005327, "Ghazipur": 9.89010989010989, "Gonda": 3.063603063603064, "Gorakhpur": 8.757908757908758, "Hamirpur": 0.0, "Hapur": 1.9647019647019648, "Hardoi": 1.5984015984015985, "Hathras": 0.0333000333000333, "Jalaun": 9.324009324009324, "Jaunpur": 19.34731934731935, "Jhansi": 5.661005661005661, "Kannauj": 2.4975024975024978, "Kanpur Dehat": 1.1322011322011323, "Kanpur Nagar": 100.0, "Kasganj": 0.2997002997002997, "Kaushambi": 0.0, "Kushinagar": 10.88911088911089, "Lakhimpur Kheri": 0.0, "Lalitpur": 7.226107226107227, "Lucknow": 0.0, "Maharajganj": 4.895104895104895, "Mahoba": 0.0, "Mainpuri": 0.0, "Mathura": 0.1998001998001998, "Mau": 2.0313020313020314, "Meerut": 3.5298035298035297, "Mirzapur": 5.694305694305695, "Moradabad": 3.9627039627039626, "Muzaffarnagar": 0.0, "Pilibhit": 1.2321012321012321, "Pratapgarh": 3.6630036630036633, "Rae Bareli": 6.526806526806528, "Rampur": 8.225108225108226, "Saharanpur": 3.8961038961038965, "Sambhal": 0.2664002664002664, "Sant Kabir Nagar": 8.658008658008658, "Shahjahanpur": 7.592407592407592, "Shamli": 0.0, "Shrawasti": 2.331002331002331, "Siddharthnagar": 1.2654012654012654, "Sitapur": 7.7589077589077595, "Sonbhadra": 12.287712287712287, "Sultanpur": 4.695304695304696, "Unnao": 1.098901098901099, "Varanasi": 4.595404595404595}