{"Almora": 78.43137254901961, "Bageshwar": 0.0, "Chamoli": 15.686274509803921, "Champawat": 37.25490196078431, "Dehradun": 100.0, "Haridwar": 0.0, "Nainital": 68.62745098039215, "Pauri Garhwal": 84.31372549019608, "Pithoragarh": 0.0, "Rudraprayag": 0.0, "Tehri Garhwal": 11.76470588235294, "Udham Singh Nagar": 17.647058823529413, "Uttarkashi": 0.0}