{"Alipurduar": 21.896551724137932, "Bankura": 0.0, "Paschim Bardhaman": 36.781609195402304, "Purba Bardhaman": 6.4942528735632195, "Birbhum": 0.0, "Cooch Behar": 1.724137931034483, "Dakshin Dinajpur": 15.747126436781612, "Darjeeling": 1.9540229885057472, "Hooghly": 4.310344827586207, "Howrah": 21.149425287356323, "Jalpaiguri": 2.298850574712644, "Jhargram": 0.11494252873563218, "Kalimpong": 1.0344827586206897, "Kolkata": 79.9425287356322, "Malda": 2.988505747126437, "Murshidabad": 4.252873563218391, "Nadia": 15.114942528735634, "North 24 Parganas": 100.0, "Paschim Medinipur": 0.0, "Purba Medinipur": 34.08045977011495, "Purulia": 0.7471264367816093, "South 24 Parganas": 13.85057471264368, "Uttar Dinajpur": 0.0}