{"Moscow": 0.0, "Moscow Oblast": 0.0, "Krasnodar Krai": 0.0, "Saint Petersburg": 100.0, "Sverdlovsk Oblast": 66.5702479338843, "Rostov Oblast": 41.942148760330575, "The Republic of Bashkortostan": 31.115702479338847, "The Republic of Tatarstan": 0.0, "Chelyabinsk Oblast": 37.33471074380166, "Nizhny Novgorod Oblast": 43.96694214876033, "Samara Oblast": 32.37603305785124, "The Republic of Dagestan": 2.768595041322314, "Krasnoyarsk Krai": 75.3305785123967, "Stavropol Krai": 97.70661157024793, "Novosibirsk Oblast": 9.173553719008263, "Kemerovo Oblast": 46.65289256198347, "Perm Krai": 33.22314049586777, "Volgograd Oblast": 68.57438016528926, "Saratov Oblast": 63.30578512396695, "Irkutsk Oblast": 14.710743801652892, "Voronezh Oblast": 3.2438016528925617, "Altai Krai": 34.97933884297521, "Orenburg Oblast": 69.21487603305786, "Omsk Oblast": 45.0, "The Republic of Crimea": 5.3512396694214885, "Primorsky Krai": 17.148760330578515, "Leningrad Oblast": 21.136363636363637, "Khanty\u2013Mansi Autonomous Okrug \u2013 Yugra": 8.884297520661157, "Belgorod Oblast": 43.553719008264466, "Tyumen Oblast": 0.5991735537190083, "Udmurt republic": 12.107438016528924, "The Chechen Republic": 3.6363636363636362, "Tula Oblast": 0.0, "Vladimir Oblast": 13.739669421487605, "Khabarovsk Krai": 6.239669421487603, "Penza Oblast": 0.0, "Kirov Oblast": 59.09090909090909, "Tver Oblast": 23.90495867768595, "Yaroslavl Oblast": 0.6198347107438016, "Ulyanovsk Oblast": 0.0, "The Chuvash Republic": 0.0, "Bryansk Oblast": 0.0, "Vologda Oblast": 19.00826446280992, "Lipetsk Oblast": 4.359504132231405, "Ryazan Oblast": 22.31404958677686, "Kursk Oblast": 0.0, "Arkhangelsk Oblast": 0.0, "Tomsk Oblast": 3.1404958677685952, "Zabaykalsky Krai": 0.5991735537190083, "Kaliningrad Oblast": 13.305785123966944, "Tambov Oblast": 0.0, "Astrakhan Oblast": 4.855371900826446, "Kaluga Oblast": 7.024793388429752, "Ivanovo Oblast": 1.797520661157025, "The Republic of Buryatia": 1.921487603305785, "The Sakha (Yakutia) Republic": 32.93388429752066, "Smolensk Oblast": 0.0, "The Kabardino-Balkar Republic": 0.0, "Kurgan Oblast": 0.0, "The Komi Republic": 0.0, "The Republic of Mordovia": 3.2231404958677685, "Amur Oblast": 2.8719008264462813, "Murmansk Oblast": 26.157024793388427, "Oryol Oblast": 5.041322314049587, "The Mari El Republic": 11.053719008264464, "Kostroma Oblast": 17.727272727272727, "Pskov Oblast": 25.04132231404959, "The Republic of Karelia": 15.227272727272725, "Novgorod Oblast": 1.322314049586777, "The Republic of Khakassia": 0.0, "The Republic of Ingushetia": 0.0, "Sakhalin Oblast": 64.95867768595042, "The Karachay\u2013Cherkess Republic": 1.5082644628099173, "The Republic of Adygea": 6.239669421487603, "Sevastopol": 1.4049586776859504, "The Tyva Republic": 0.0, "Kamchatka Krai": 13.037190082644628, "The Republic of Kalmykia": 40.82644628099173, "Altai Republic": 0.578512396694215, "Jewish Autonomous Oblast": 0.0, "Magadan Oblast": 9.02892561983471, "Chukotka Autonomous Okrug": 0.8884297520661157, "Nenets Autonomous Okrug": 1.7148760330578512}