{"Texas": 100.0, "New York": 12.180150687239728, "Pennsylvania": 12.407224642739651, "Ohio": 19.688836466632964, "North Carolina": 43.16090155581767, "Michigan": 13.706280239751583, "New Jersey": 3.991847804283112, "Virginia": 19.360662446140147, "Arizona": 4.076900239912059, "Massachusetts": 2.8075327572234388, "Tennessee": 12.221874523586003, "Indiana": 18.442738046522077, "Maryland": 10.4766948302562, "Wisconsin": 8.506848325831067, "Colorado": 5.6567893507931535, "Minnesota": 12.889455905126415, "South Carolina": 12.303717433342158, "Alabama": 34.89717481485047, "Louisiana": 17.304158743149667, "Kentucky": 15.740317261632525, "Oregon": 5.7153631979715795, "Oklahoma": 11.741248024135635, "Connecticut": 0.0, "Utah": 8.121705221096214, "Iowa": 6.39337553859856, "Nevada": 13.551420616389443, "Arkansas": 6.691059063299874, "Mississippi": 19.51953397684327, "Kansas": 0.0, "New Mexico": 3.2945783084193887, "Nebraska": 5.81245135562349, "Idaho": 6.039525311123414, "West Virginia": 1.7002463311107365, "Hawaii": 8.77484373620907, "New Hampshire": 0.0, "Maine": 0.5745051312294891, "Montana": 1.1449983551179903, "Rhode Island": 2.7128517439761213, "Delaware": 0.8168243346251676, "South Dakota": 2.6141588233878155, "North Dakota": 5.156905696106043, "Alaska": 2.1206942204462846, "Vermont": 0.07462147654237777, "Wyoming": 0.44612409631787137}